id,video_url,New URL,Status
fEZhjBF8QbKfhkgU7IEfog,https://video-cdn.fuze.us/gHI55KpGQbWVqTjAfBleRCXHnlm2/video-1726822473676-gHI55KpGQbWVqTjAfBleRCXHnlm2,,Pending
F-VEY0MATfG9E4ot9YRP7w,https://video-cdn.fuze.us/gHI55KpGQbWVqTjAfBleRCXHnlm2/video-1716542861353-gHI55KpGQbWVqTjAfBleRCXHnlm2,,Pending
Ua4Cu5QsTzGtSRUmOd7lZg,https://video-cdn.fuze.us/gHI55KpGQbWVqTjAfBleRCXHnlm2/video-1716297396751-gHI55KpGQbWVqTjAfBleRCXHnlm2,,Pending
DDoKHQrGT7euo1ZN6I2RFw,https://video-cdn.fuze.us/gHI55KpGQbWVqTjAfBleRCXHnlm2/video-1716294896914-gHI55KpGQbWVqTjAfBleRCXHnlm2,,Pending
dxHCqpHlTaKDyAZAHKvukg,https://video-cdn.fuze.us/gHI55KpGQbWVqTjAfBleRCXHnlm2/video-1716294077088-gHI55KpGQbWVqTjAfBleRCXHnlm2,,Pending
O2bHKwg0Sr-ewPSEQGsHPQ,https://video-cdn.fuze.us/gHI55KpGQbWVqTjAfBleRCXHnlm2/video-1716293138651-gHI55KpGQbWVqTjAfBleRCXHnlm2,,Pending
bo_8XDGJQd2FT3yUts2nyg,https://video-cdn.fuze.us/gHI55KpGQbWVqTjAfBleRCXHnlm2/video-1715962824284-gHI55KpGQbWVqTjAfBleRCXHnlm2,,Pending
AnPBW3k0Q7y1yYU-WDyY-w,https://video-cdn.fuze.us/gHI55KpGQbWVqTjAfBleRCXHnlm2/video-1715943815448-gHI55KpGQbWVqTjAfBleRCXHnlm2,,Pending
f1kqcbG1SZOKhgPD-xHPvg,https://video-cdn.fuze.us/gHI55KpGQbWVqTjAfBleRCXHnlm2/video-1715943120277-gHI55KpGQbWVqTjAfBleRCXHnlm2,,Pending
eigeXG8CTieZWmYXmJIk0A,https://video-cdn.fuze.us/gHI55KpGQbWVqTjAfBleRCXHnlm2/video-1715941320631-gHI55KpGQbWVqTjAfBleRCXHnlm2,,Pending
OGHixg2VTRqCrm-Dd0C5IQ,https://video-cdn.fuze.us/gHI55KpGQbWVqTjAfBleRCXHnlm2/video-1715939273314-gHI55KpGQbWVqTjAfBleRCXHnlm2,,Pending
EUNWQp0UTRSpSlcwfevKeA,https://video-cdn.fuze.us/gHI55KpGQbWVqTjAfBleRCXHnlm2/video-1722504620623-gHI55KpGQbWVqTjAfBleRCXHnlm2,,Pending
LyEHbz2sQRCMdrFX1pkXpQ,https://video-cdn.fuze.us/gHI55KpGQbWVqTjAfBleRCXHnlm2/video-1722519993731-gHI55KpGQbWVqTjAfBleRCXHnlm2,,Pending
IDORJ8bETDqS6F3C9lkZQg,https://video-cdn.fuze.us/gHI55KpGQbWVqTjAfBleRCXHnlm2/video-1722519384427-gHI55KpGQbWVqTjAfBleRCXHnlm2,,Pending
OncgoNsCTdC4MRo_G2Hjrg,https://video-cdn.fuze.us/gHI55KpGQbWVqTjAfBleRCXHnlm2/video-1720455263597-gHI55KpGQbWVqTjAfBleRCXHnlm2,,Pending
befVlLc3Rf273QLGgcxQNQ,https://video-cdn.fuze.us/gHI55KpGQbWVqTjAfBleRCXHnlm2/video-1720457221367-gHI55KpGQbWVqTjAfBleRCXHnlm2,,Pending
fRFzoCsuSfGLVUZ1bLrZJw,https://video-cdn.fuze.us/gHI55KpGQbWVqTjAfBleRCXHnlm2/video-1715761319949-gHI55KpGQbWVqTjAfBleRCXHnlm2,,Pending
CSZcbDW0Re2FdcxITxHRHg,https://video-cdn.fuze.us/gHI55KpGQbWVqTjAfBleRCXHnlm2/video-1715761004184-gHI55KpGQbWVqTjAfBleRCXHnlm2,,Pending
SW3IBmTTRhS8f1y2dwylsw,https://video-cdn.fuze.us/gHI55KpGQbWVqTjAfBleRCXHnlm2/video-1714739879104-gHI55KpGQbWVqTjAfBleRCXHnlm2,,Pending
fO0Rwux9TIu4DuOgnWT7ow,https://video-cdn.fuze.us/gHI55KpGQbWVqTjAfBleRCXHnlm2/video-1714737135731-gHI55KpGQbWVqTjAfBleRCXHnlm2,,Pending
TlzmFvEcTHiQI_rpcCY7_A,https://video-cdn.fuze.us/gHI55KpGQbWVqTjAfBleRCXHnlm2/video-1714744291507-gHI55KpGQbWVqTjAfBleRCXHnlm2,,Pending
YMJuvh37RZmjfK8HgBbU5g,https://video-cdn.fuze.us/gHI55KpGQbWVqTjAfBleRCXHnlm2/video-1713447441193-gHI55KpGQbWVqTjAfBleRCXHnlm2.mp4,,Pending
MMlPRxrpQvW6Xi0BtpOGoA,https://video-cdn.fuze.us/gHI55KpGQbWVqTjAfBleRCXHnlm2/video-1713447336451-gHI55KpGQbWVqTjAfBleRCXHnlm2.mov,,Pending
bCrSSWJzSaiKxy6Mc9IanA,https://video-cdn.fuze.us/gHI55KpGQbWVqTjAfBleRCXHnlm2/video-1713447225625-gHI55KpGQbWVqTjAfBleRCXHnlm2.mov,,Pending
T_NrnOEJRpqG6SOga1RcpA,https://video-cdn.fuze.us/gHI55KpGQbWVqTjAfBleRCXHnlm2/video-1713447080252-gHI55KpGQbWVqTjAfBleRCXHnlm2.mov,,Pending
CxRBlHrURgeMz3qHt4niVQ,https://video-cdn.fuze.us/gHI55KpGQbWVqTjAfBleRCXHnlm2/video-1713446841095-gHI55KpGQbWVqTjAfBleRCXHnlm2.mov,,Pending
JEmZxypTQmeV75JshSJoDA,https://video-cdn.fuze.us/gHI55KpGQbWVqTjAfBleRCXHnlm2/video-1713443313342-gHI55KpGQbWVqTjAfBleRCXHnlm2.mov,,Pending
ByeGLZJGSS6GSCYbUHHZYw,https://video-cdn.fuze.us/gHI55KpGQbWVqTjAfBleRCXHnlm2/video-1713443081925-gHI55KpGQbWVqTjAfBleRCXHnlm2.mov,,Pending
Xgi9L34_TT-1jmwEcuwI3Q,https://video-cdn.fuze.us/gHI55KpGQbWVqTjAfBleRCXHnlm2/video-1710576175395-gHI55KpGQbWVqTjAfBleRCXHnlm2.mov,,Pending
THPWc5bpTJazAqnvtRv0ww,https://video-cdn.fuze.us/gHI55KpGQbWVqTjAfBleRCXHnlm2/video-1710495640648-gHI55KpGQbWVqTjAfBleRCXHnlm2.mov,,Pending
YhcT-5KxR9ecfqspyrYDaQ,https://video-cdn.fuze.us/gHI55KpGQbWVqTjAfBleRCXHnlm2/video-1710405968553-gHI55KpGQbWVqTjAfBleRCXHnlm2.mov,,Pending
b0ai6ZTUSC-ehFZR6R-Cyw,https://video-cdn.fuze.us/gHI55KpGQbWVqTjAfBleRCXHnlm2/video-1707990244913-gHI55KpGQbWVqTjAfBleRCXHnlm2.mp4,,Pending
PqHfVCoTQyG5tLaSQXLzMA,https://video-cdn.fuze.us/gHI55KpGQbWVqTjAfBleRCXHnlm2/video-1707987842406-gHI55KpGQbWVqTjAfBleRCXHnlm2.mp4,,Pending
c8b0c_bZSGaZRj17l5Pkrg,https://video-cdn.fuze.us/gHI55KpGQbWVqTjAfBleRCXHnlm2/video-1707987723501-gHI55KpGQbWVqTjAfBleRCXHnlm2.mp4,,Pending
RWVS6XetToGKFYH1TwS8Xg,https://video-cdn.fuze.us/gHI55KpGQbWVqTjAfBleRCXHnlm2/video-1707987621428-gHI55KpGQbWVqTjAfBleRCXHnlm2.mp4,,Pending
Mht7OIdQTCSxxvob98TaZw,https://video-cdn.fuze.us/gHI55KpGQbWVqTjAfBleRCXHnlm2/video-1707987509220-gHI55KpGQbWVqTjAfBleRCXHnlm2.mp4,,Pending
QwbLdpqfRSGcR30PLlW8eg,https://video-cdn.fuze.us/gHI55KpGQbWVqTjAfBleRCXHnlm2/video-1707987394526-gHI55KpGQbWVqTjAfBleRCXHnlm2.mp4,,Pending
ZPjx2IKXQu6QdU6vSwx34A,https://video-cdn.fuze.us/gHI55KpGQbWVqTjAfBleRCXHnlm2/video-1707987285389-gHI55KpGQbWVqTjAfBleRCXHnlm2.mp4,,Pending
IkQ7kdMtS-a1bCKVOByR6Q,https://video-cdn.fuze.us/gHI55KpGQbWVqTjAfBleRCXHnlm2/video-1707987163857-gHI55KpGQbWVqTjAfBleRCXHnlm2.mp4,,Pending
SsiN3hlbR0iu_jhXPGnVfQ,https://video-cdn.fuze.us/gHI55KpGQbWVqTjAfBleRCXHnlm2/video-1707987039115-gHI55KpGQbWVqTjAfBleRCXHnlm2.mp4,,Pending
Y1KJL7JWQf25v-oZqDt9cQ,https://video-cdn.fuze.us/gHI55KpGQbWVqTjAfBleRCXHnlm2/video-1707986991497-gHI55KpGQbWVqTjAfBleRCXHnlm2.mp4,,Pending
Da3AVQIdSCqyonRd8Rvv_Q,https://video-cdn.fuze.us/gHI55KpGQbWVqTjAfBleRCXHnlm2/video-1707986911126-gHI55KpGQbWVqTjAfBleRCXHnlm2.mp4,,Pending
eW3JN-IaTuqJUnPkrg_ysw,https://video-cdn.fuze.us/gHI55KpGQbWVqTjAfBleRCXHnlm2/video-1707974883530-gHI55KpGQbWVqTjAfBleRCXHnlm2.mp4,,Pending
bNvj2jGlRtigLDSeoPMGlA,https://video-cdn.fuze.us/gHI55KpGQbWVqTjAfBleRCXHnlm2/video-1707974777746-gHI55KpGQbWVqTjAfBleRCXHnlm2.mp4,,Pending
ZX-iKlRZTFuvMMETlDWasg,https://video-cdn.fuze.us/gHI55KpGQbWVqTjAfBleRCXHnlm2/video-1707974663996-gHI55KpGQbWVqTjAfBleRCXHnlm2.mp4,,Pending
Ghg70w40SJ-DziwnxJtXbQ,https://video-cdn.fuze.us/gHI55KpGQbWVqTjAfBleRCXHnlm2/video-1707974524001-gHI55KpGQbWVqTjAfBleRCXHnlm2.mp4,,Pending
HD8jSl5IQeqW4rWVOJo36g,https://video-cdn.fuze.us/gHI55KpGQbWVqTjAfBleRCXHnlm2/video-1707973533354-gHI55KpGQbWVqTjAfBleRCXHnlm2.mp4,,Pending
EuEOdUdrTAO8W7wjgPhxCQ,https://video-cdn.fuze.us/gHI55KpGQbWVqTjAfBleRCXHnlm2/video-1707973353491-gHI55KpGQbWVqTjAfBleRCXHnlm2.mp4,,Pending
eNWFZq3cRDKArYhO6zXhCA,https://video-cdn.fuze.us/gHI55KpGQbWVqTjAfBleRCXHnlm2/video-1707972391922-gHI55KpGQbWVqTjAfBleRCXHnlm2.mp4,,Pending
b_2PjP0tRcqkWAxaloMlww,https://video-cdn.fuze.us/gHI55KpGQbWVqTjAfBleRCXHnlm2/video-1707971481906-gHI55KpGQbWVqTjAfBleRCXHnlm2.mp4,,Pending
cezGDWJaTTO4mdaEPogFTg,https://video-cdn.fuze.us/gHI55KpGQbWVqTjAfBleRCXHnlm2/video-1707971128788-gHI55KpGQbWVqTjAfBleRCXHnlm2.mp4,,Pending
csk6-HnCQfGCyHhcc3b4zw,https://video-cdn.fuze.us/gHI55KpGQbWVqTjAfBleRCXHnlm2/video-1707970897656-gHI55KpGQbWVqTjAfBleRCXHnlm2.mp4,,Pending
QGIOGjEGTfilRzm9LzV8Ug,https://video-cdn.fuze.us/gHI55KpGQbWVqTjAfBleRCXHnlm2/video-1707916349484-gHI55KpGQbWVqTjAfBleRCXHnlm2.mp4,,Pending
blYuKW3ITNeB1GNJxwR2oQ,https://video-cdn.fuze.us/gHI55KpGQbWVqTjAfBleRCXHnlm2/video-1707916215492-gHI55KpGQbWVqTjAfBleRCXHnlm2.mp4,,Pending
dYqQLXMMRSaq2VbYxktGpQ,https://video-cdn.fuze.us/gHI55KpGQbWVqTjAfBleRCXHnlm2/video-1707915664162-gHI55KpGQbWVqTjAfBleRCXHnlm2.mp4,,Pending
NplmuE0UQ5eqUiD2eon58A,https://video-cdn.fuze.us/gHI55KpGQbWVqTjAfBleRCXHnlm2/video-1707915354578-gHI55KpGQbWVqTjAfBleRCXHnlm2.mp4,,Pending
CPvEIH2rShmXjCszd_qqTQ,https://video-cdn.fuze.us/gHI55KpGQbWVqTjAfBleRCXHnlm2/video-1707915185427-gHI55KpGQbWVqTjAfBleRCXHnlm2.mp4,,Pending
K4z2FpOFQ5q5P5yn-_MWTw,https://video-cdn.fuze.us/gHI55KpGQbWVqTjAfBleRCXHnlm2/video-1707914809840-gHI55KpGQbWVqTjAfBleRCXHnlm2.mp4,,Pending
CFLkbBLhRmmUWKo8rqIe8g,https://video-cdn.fuze.us/gHI55KpGQbWVqTjAfBleRCXHnlm2/video-1707914639080-gHI55KpGQbWVqTjAfBleRCXHnlm2.mp4,,Pending
MuYzk-QvS62YmSh8lPB6ow,https://video-cdn.fuze.us/gHI55KpGQbWVqTjAfBleRCXHnlm2/video-1707914345780-gHI55KpGQbWVqTjAfBleRCXHnlm2.mp4,,Pending
Mq_HoTkBS2-n28kIRAeZHA,https://video-cdn.fuze.us/gHI55KpGQbWVqTjAfBleRCXHnlm2/video-1707906924316-gHI55KpGQbWVqTjAfBleRCXHnlm2.mp4,,Pending
Aap1shr4TEefjOb1o4qUOg,https://video-cdn.fuze.us/gHI55KpGQbWVqTjAfBleRCXHnlm2/video-1707906770997-gHI55KpGQbWVqTjAfBleRCXHnlm2.mp4,,Pending
G-EQcmKNQqedm3MbOdLwOA,https://video-cdn.fuze.us/gHI55KpGQbWVqTjAfBleRCXHnlm2/video-1707906594569-gHI55KpGQbWVqTjAfBleRCXHnlm2.mp4,,Pending
O5B9Eb9oQCCkqIUQ6BSoIw,https://video-cdn.fuze.us/gHI55KpGQbWVqTjAfBleRCXHnlm2/video-1707906424965-gHI55KpGQbWVqTjAfBleRCXHnlm2.mp4,,Pending
W9J0aDTdQoWZh6FfDIkkVg,https://video-cdn.fuze.us/gHI55KpGQbWVqTjAfBleRCXHnlm2/video-1707906353393-gHI55KpGQbWVqTjAfBleRCXHnlm2.mp4,,Pending
G_scPie8QqmK12znPhQ0JQ,https://video-cdn.fuze.us/gHI55KpGQbWVqTjAfBleRCXHnlm2/video-1707906273507-gHI55KpGQbWVqTjAfBleRCXHnlm2.mp4,,Pending
L3KwFKmhRM2Okq9MCqahhg,https://video-cdn.fuze.us/gHI55KpGQbWVqTjAfBleRCXHnlm2/video-1707906193721-gHI55KpGQbWVqTjAfBleRCXHnlm2.mp4,,Pending
FBigvGHtSyWbTgUDj7Px2g,https://video-cdn.fuze.us/gHI55KpGQbWVqTjAfBleRCXHnlm2/video-1707904449591-gHI55KpGQbWVqTjAfBleRCXHnlm2.mp4,,Pending
AyaIP-1QTB2pMh-DCGy1_w,https://video-cdn.fuze.us/gHI55KpGQbWVqTjAfBleRCXHnlm2/video-1707904384328-gHI55KpGQbWVqTjAfBleRCXHnlm2.mp4,,Pending
bESsCr3kSkmub1ZP83wdZQ,https://video-cdn.fuze.us/gHI55KpGQbWVqTjAfBleRCXHnlm2/video-1707904275886-gHI55KpGQbWVqTjAfBleRCXHnlm2.mp4,,Pending
IvFIzf7bT4mqCkRkL6mczg,https://video-cdn.fuze.us/gHI55KpGQbWVqTjAfBleRCXHnlm2/video-1707904194590-gHI55KpGQbWVqTjAfBleRCXHnlm2.mp4,,Pending
PVrQNi2QQmyDHH033OWs5g,https://video-cdn.fuze.us/gHI55KpGQbWVqTjAfBleRCXHnlm2/video-1707890634135-gHI55KpGQbWVqTjAfBleRCXHnlm2.mp4,,Pending
QITPBL3bRxuYyjHyQWuTEA,https://video-cdn.fuze.us/gHI55KpGQbWVqTjAfBleRCXHnlm2/video-1707890474306-gHI55KpGQbWVqTjAfBleRCXHnlm2.mp4,,Pending
M8ETh0M4ThG2i03Fp8xNGg,https://video-cdn.fuze.us/gHI55KpGQbWVqTjAfBleRCXHnlm2/video-1707890337412-gHI55KpGQbWVqTjAfBleRCXHnlm2.mp4,,Pending
Yn1ngvlYS5aMU7TAmphTug,https://video-cdn.fuze.us/gHI55KpGQbWVqTjAfBleRCXHnlm2/video-1707889925513-gHI55KpGQbWVqTjAfBleRCXHnlm2.mp4,,Pending
BoPm0z1UTVaihih0PwPXEQ,https://video-cdn.fuze.us/gHI55KpGQbWVqTjAfBleRCXHnlm2/video-1707889017351-gHI55KpGQbWVqTjAfBleRCXHnlm2.mp4,,Pending
af0UzI7HRlqsW6fYjnB-JQ,https://video-cdn.fuze.us/gHI55KpGQbWVqTjAfBleRCXHnlm2/video-1707888033769-gHI55KpGQbWVqTjAfBleRCXHnlm2.mp4,,Pending
HDApFge1SUK5KEODkiGTrA,https://video-cdn.fuze.us/gHI55KpGQbWVqTjAfBleRCXHnlm2/video-1707887831854-gHI55KpGQbWVqTjAfBleRCXHnlm2.mp4,,Pending
bqbzL5-jRNetn8mKdQVfYg,https://video-cdn.fuze.us/gHI55KpGQbWVqTjAfBleRCXHnlm2/video-1707887567690-gHI55KpGQbWVqTjAfBleRCXHnlm2.mp4,,Pending
NsWLT_94RxKd7TtzyyFbTw,https://video-cdn.fuze.us/gHI55KpGQbWVqTjAfBleRCXHnlm2/video-1707886864996-gHI55KpGQbWVqTjAfBleRCXHnlm2.mp4,,Pending
Z1Byn6ZlROCLi7KwScmjxQ,https://video-cdn.fuze.us/gHI55KpGQbWVqTjAfBleRCXHnlm2/video-1707886523176-gHI55KpGQbWVqTjAfBleRCXHnlm2.mp4,,Pending
EZPrTc9TQwqeQTDbDKvnyw,https://video-cdn.fuze.us/gHI55KpGQbWVqTjAfBleRCXHnlm2/video-1707886243590-gHI55KpGQbWVqTjAfBleRCXHnlm2.mp4,,Pending
Kr3orJB9QnS850fWpAg8CA,https://video-cdn.fuze.us/gHI55KpGQbWVqTjAfBleRCXHnlm2/video-1707886032464-gHI55KpGQbWVqTjAfBleRCXHnlm2.mp4,,Pending
dY1njHV5RNeOJ3IlB_9Eog,https://video-cdn.fuze.us/gHI55KpGQbWVqTjAfBleRCXHnlm2/video-1707885928799-gHI55KpGQbWVqTjAfBleRCXHnlm2.mp4,,Pending
AIMq3oMrRqe3iOfjnimPvg,https://video-cdn.fuze.us/gHI55KpGQbWVqTjAfBleRCXHnlm2/video-1707885770094-gHI55KpGQbWVqTjAfBleRCXHnlm2.mp4,,Pending
MGrQmHJFQymngjmQqhMYCA,https://video-cdn.fuze.us/gHI55KpGQbWVqTjAfBleRCXHnlm2/video-1707885640098-gHI55KpGQbWVqTjAfBleRCXHnlm2.mp4,,Pending
MKW5WmynSAy-4JKi2hfo5g,https://video-cdn.fuze.us/RUynwtzUrzNT7A0r6SPmMt38uhD3/video-1707232690873-RUynwtzUrzNT7A0r6SPmMt38uhD3.mp4,,Pending
BBw-kI3xR5GRdxZRCvlFlA,https://video-cdn.fuze.us/RUynwtzUrzNT7A0r6SPmMt38uhD3/video-1707210296728-RUynwtzUrzNT7A0r6SPmMt38uhD3.mp4,,Pending
eGvsq9lNTSGKbYze25G9VQ,https://video-cdn.fuze.us/RUynwtzUrzNT7A0r6SPmMt38uhD3/video-1706631219274-RUynwtzUrzNT7A0r6SPmMt38uhD3.mp4,,Pending
bm4FIcoETSu9f-XkQa2j5A,https://video-cdn.fuze.us/RUynwtzUrzNT7A0r6SPmMt38uhD3/video-1706692545971-RUynwtzUrzNT7A0r6SPmMt38uhD3.mp4,,Pending
d1zQDdLwTVuLktSUUR-PiA,https://video-cdn.fuze.us/RUynwtzUrzNT7A0r6SPmMt38uhD3/video-1706638255950-RUynwtzUrzNT7A0r6SPmMt38uhD3.mp4,,Pending
Xdk3zWTDSVW3b1vZmJrsYg,https://video-cdn.fuze.us/RUynwtzUrzNT7A0r6SPmMt38uhD3/video-1706629673987-RUynwtzUrzNT7A0r6SPmMt38uhD3.mp4,,Pending
fn-hRMprSFeAJWbxatzTHw,https://video-cdn.fuze.us/RUynwtzUrzNT7A0r6SPmMt38uhD3/video-1706547159559-RUynwtzUrzNT7A0r6SPmMt38uhD3.mp4,,Pending
Xzc7EzgDTjSL28AK4ssOCQ,https://video-cdn.fuze.us/RUynwtzUrzNT7A0r6SPmMt38uhD3/video-1706543570769-RUynwtzUrzNT7A0r6SPmMt38uhD3.mp4,,Pending
Al2B4-ubRyiLOHiiah348A,https://video-cdn.fuze.us/RUynwtzUrzNT7A0r6SPmMt38uhD3/video-1707509954932-RUynwtzUrzNT7A0r6SPmMt38uhD3.mp4,,Pending
cygt2V9YTeioftHfPqevSQ,https://video-cdn.fuze.us/RUynwtzUrzNT7A0r6SPmMt38uhD3/video-1707509201800-RUynwtzUrzNT7A0r6SPmMt38uhD3.mp4,,Pending
aST3_AufT4WZPpe4jbd4CQ,https://video-cdn.fuze.us/RUynwtzUrzNT7A0r6SPmMt38uhD3/video-1707387813300-RUynwtzUrzNT7A0r6SPmMt38uhD3.mp4,,Pending
bVLHSiF7T9C-iM7onW2m9g,https://video-cdn.fuze.us/RUynwtzUrzNT7A0r6SPmMt38uhD3/video-1707492219630-RUynwtzUrzNT7A0r6SPmMt38uhD3.mp4,,Pending
SWeCGWSwStiz7gtuyZOGbQ,https://video-cdn.fuze.us/RUynwtzUrzNT7A0r6SPmMt38uhD3/video-1706538839015-RUynwtzUrzNT7A0r6SPmMt38uhD3.mp4,,Pending
Hwvs5kIeT3iO5w4jqApgCQ,https://video-cdn.fuze.us/RUynwtzUrzNT7A0r6SPmMt38uhD3/video-1707485822005-RUynwtzUrzNT7A0r6SPmMt38uhD3.mp4,,Pending
bL1E8Q61Qku-23M-jwj4Xg,https://video-cdn.fuze.us/RUynwtzUrzNT7A0r6SPmMt38uhD3/video-1707409235386-RUynwtzUrzNT7A0r6SPmMt38uhD3.mp4,,Pending
PSwAs7PXQEaZadNyvJLeuA,https://video-cdn.fuze.us/RUynwtzUrzNT7A0r6SPmMt38uhD3/video-1707386341545-RUynwtzUrzNT7A0r6SPmMt38uhD3.mp4,,Pending
b1aLF3B7TnW0s0SJ2hQrGA,https://video-cdn.fuze.us/RUynwtzUrzNT7A0r6SPmMt38uhD3/video-1707318339869-RUynwtzUrzNT7A0r6SPmMt38uhD3.mp4,,Pending
DrrJBb12TgS4clClCG_Guw,https://video-cdn.fuze.us/RUynwtzUrzNT7A0r6SPmMt38uhD3/video-1707322677776-RUynwtzUrzNT7A0r6SPmMt38uhD3.mp4,,Pending
Ax3-v_ODSBSX6udSYAq_pw,https://video-cdn.fuze.us/RUynwtzUrzNT7A0r6SPmMt38uhD3/video-1707224711986-RUynwtzUrzNT7A0r6SPmMt38uhD3.mp4,,Pending
K7Gbyl_mQT2G8rLGGI1lpA,https://video-cdn.fuze.us/RUynwtzUrzNT7A0r6SPmMt38uhD3/video-1707218624706-RUynwtzUrzNT7A0r6SPmMt38uhD3.mp4,,Pending
Btj01xTJSZycBrf7Air6kw,https://video-cdn.fuze.us/RUynwtzUrzNT7A0r6SPmMt38uhD3/video-1707217481655-RUynwtzUrzNT7A0r6SPmMt38uhD3.mp4,,Pending
PHP4v9x6RIqR2fzq3j8F7A,https://video-cdn.fuze.us/RUynwtzUrzNT7A0r6SPmMt38uhD3/video-1707216729375-RUynwtzUrzNT7A0r6SPmMt38uhD3.mp4,,Pending
CzFi39vwT9OHbP06zkHRwQ,https://video-cdn.fuze.us/RUynwtzUrzNT7A0r6SPmMt38uhD3/video-1706538094062-RUynwtzUrzNT7A0r6SPmMt38uhD3.mp4,,Pending
DYVbwmR9S46KCgW9nRLIqg,https://video-cdn.fuze.us/gHI55KpGQbWVqTjAfBleRCXHnlm2/video-1705642600594-gHI55KpGQbWVqTjAfBleRCXHnlm2.mp4,,Pending
BooxzIUBS6G4ekN9Ktx8ow,https://video-cdn.fuze.us/gHI55KpGQbWVqTjAfBleRCXHnlm2/video-1705642600594-gHI55KpGQbWVqTjAfBleRCXHnlm2.mp4,,Pending
dV8B0bwGTIOtmT9qv5hxiw,https://video-cdn.fuze.us/RUynwtzUrzNT7A0r6SPmMt38uhD3/video-1707211084150-RUynwtzUrzNT7A0r6SPmMt38uhD3.mp4,,Pending
Y761EdTAS7KVnuic4qV6gQ,https://video-cdn.fuze.us/RUynwtzUrzNT7A0r6SPmMt38uhD3/video-1707324462757-RUynwtzUrzNT7A0r6SPmMt38uhD3.mp4,,Pending
dTyJiG_JSKCC6rm7Ncqleg,https://video-cdn.fuze.us/RUynwtzUrzNT7A0r6SPmMt38uhD3/video-1706693422411-RUynwtzUrzNT7A0r6SPmMt38uhD3.mp4,,Pending
fGJb_W6OSYaOSFG5yk0uoQ,https://video-cdn.fuze.us/RUynwtzUrzNT7A0r6SPmMt38uhD3/video-1706694231459-RUynwtzUrzNT7A0r6SPmMt38uhD3.mp4,,Pending
O5EV8peTSvCU6E0fC9oZqg,https://video-cdn.fuze.us/RUynwtzUrzNT7A0r6SPmMt38uhD3/video-1707327009951-RUynwtzUrzNT7A0r6SPmMt38uhD3.mp4,,Pending
Yc9NLKP5Rt6zmOIBEnntRA,https://video-cdn.fuze.us/RUynwtzUrzNT7A0r6SPmMt38uhD3/video-1706699381937-RUynwtzUrzNT7A0r6SPmMt38uhD3.mp4,,Pending
AIrQItB_T327GRsvWheQ4w,https://video-cdn.fuze.us/RUynwtzUrzNT7A0r6SPmMt38uhD3/video-1706610522947-RUynwtzUrzNT7A0r6SPmMt38uhD3.mp4,,Pending
Ql18RDcWSyGDSu9kvBA2xA,https://video-cdn.fuze.us/RUynwtzUrzNT7A0r6SPmMt38uhD3/video-1707230924251-RUynwtzUrzNT7A0r6SPmMt38uhD3.mp4,,Pending
eEQZsRF-ST-_8RB1DLoX1Q,https://video-cdn.fuze.us/RUynwtzUrzNT7A0r6SPmMt38uhD3/video-1707321260245-RUynwtzUrzNT7A0r6SPmMt38uhD3.mp4,,Pending
IAsp4Z-YQSylQg3RV9tH1w,https://video-cdn.fuze.us/RUynwtzUrzNT7A0r6SPmMt38uhD3/video-1706609615025-RUynwtzUrzNT7A0r6SPmMt38uhD3.mp4,,Pending
MCBogc_fShujFIzYGQe9dw,https://video-cdn.fuze.us/RUynwtzUrzNT7A0r6SPmMt38uhD3/video-1707402951646-RUynwtzUrzNT7A0r6SPmMt38uhD3.mp4,,Pending
NqATeDgmT9eizJPm2CJ1vw,https://video-cdn.fuze.us/RUynwtzUrzNT7A0r6SPmMt38uhD3/video-1707404626192-RUynwtzUrzNT7A0r6SPmMt38uhD3.mp4,,Pending
LEfyYkd8RSqtET1BiDAYCA,https://video-cdn.fuze.us/RUynwtzUrzNT7A0r6SPmMt38uhD3/video-1707408153269-RUynwtzUrzNT7A0r6SPmMt38uhD3.mp4,,Pending
TKSd65s3Tluz4EJ7TGU18g,https://video-cdn.fuze.us/RUynwtzUrzNT7A0r6SPmMt38uhD3/video-1707514719005-RUynwtzUrzNT7A0r6SPmMt38uhD3.mp4,,Pending
KGjuzeRRTOOxxL4mMNkYpA,https://video-cdn.fuze.us/RUynwtzUrzNT7A0r6SPmMt38uhD3/video-1706615684150-RUynwtzUrzNT7A0r6SPmMt38uhD3.mp4,,Pending
HBtMgUQ8QqOA67sybN_t_A,https://video-cdn.fuze.us/RUynwtzUrzNT7A0r6SPmMt38uhD3/video-1706611511132-RUynwtzUrzNT7A0r6SPmMt38uhD3.mp4,,Pending
NxAuX5yFSX-_pMfNEBBENA,https://video-cdn.fuze.us/RUynwtzUrzNT7A0r6SPmMt38uhD3/video-1706542462909-RUynwtzUrzNT7A0r6SPmMt38uhD3.mp4,,Pending
MQ2TFcARSuuTgDeTPtRu9w,https://video-cdn.fuze.us/RUynwtzUrzNT7A0r6SPmMt38uhD3/video-1706539736687-RUynwtzUrzNT7A0r6SPmMt38uhD3.mp4,,Pending
HJy0bAfOSoCFkXaggeUKyQ,https://video-cdn.fuze.us/RUynwtzUrzNT7A0r6SPmMt38uhD3/video-1706636111254-RUynwtzUrzNT7A0r6SPmMt38uhD3.mp4,,Pending
Fop0uM7hTJ-LutGydqCGIg,https://video-cdn.fuze.us/RUynwtzUrzNT7A0r6SPmMt38uhD3/video-1707727617893-RUynwtzUrzNT7A0r6SPmMt38uhD3.mp4,,Pending
PKK8qiRhSBaJKIzzid7Llw,https://video-cdn.fuze.us/RUynwtzUrzNT7A0r6SPmMt38uhD3/video-1707729799015-RUynwtzUrzNT7A0r6SPmMt38uhD3.mp4,,Pending
OBYmeRuyT5KvSx3h7hQDFg,https://video-cdn.fuze.us/RUynwtzUrzNT7A0r6SPmMt38uhD3/video-1707219302049-RUynwtzUrzNT7A0r6SPmMt38uhD3.mp4,,Pending
S2Yao8VORiSEtqaF3HbgpQ,https://video-cdn.fuze.us/RUynwtzUrzNT7A0r6SPmMt38uhD3/video-1707390133402-RUynwtzUrzNT7A0r6SPmMt38uhD3.mp4,,Pending
URIfBqltST2KqDTANRAsqQ,https://video-cdn.fuze.us/RUynwtzUrzNT7A0r6SPmMt38uhD3/video-1706695084744-RUynwtzUrzNT7A0r6SPmMt38uhD3.mp4,,Pending
PRSyX1kwQJSF6NMhS6DSlA,https://video-cdn.fuze.us/RUynwtzUrzNT7A0r6SPmMt38uhD3/video-1706634969682-RUynwtzUrzNT7A0r6SPmMt38uhD3.mp4,,Pending
LYNjZDjOTveFTPYUUvEdtg,https://video-cdn.fuze.us/RUynwtzUrzNT7A0r6SPmMt38uhD3/video-1707397660082-RUynwtzUrzNT7A0r6SPmMt38uhD3.mp4,,Pending
aWnaeh4ZT4-zAukdEPj_Rg,https://video-cdn.fuze.us/RUynwtzUrzNT7A0r6SPmMt38uhD3/video-1707400488337-RUynwtzUrzNT7A0r6SPmMt38uhD3.mp4,,Pending
DnrzTwtfS46zHrQEHAB0AA,https://video-cdn.fuze.us/RUynwtzUrzNT7A0r6SPmMt38uhD3/video-1707388628098-RUynwtzUrzNT7A0r6SPmMt38uhD3.mp4,,Pending
Ax3CXwNmTv67jfITcpId5A,https://video-cdn.fuze.us/RUynwtzUrzNT7A0r6SPmMt38uhD3/video-1706619034106-RUynwtzUrzNT7A0r6SPmMt38uhD3.mp4,,Pending
REGYGbkMSjO4Vbff3Ql62A,https://video-cdn.fuze.us/RUynwtzUrzNT7A0r6SPmMt38uhD3/video-1707728692462-RUynwtzUrzNT7A0r6SPmMt38uhD3.mp4,,Pending
TQddIsk-TmaGzIWZ01f_zg,https://video-cdn.fuze.us/RUynwtzUrzNT7A0r6SPmMt38uhD3/video-1707515852096-RUynwtzUrzNT7A0r6SPmMt38uhD3.mp4,,Pending
Mu4RoMu2Sf6KgU1YQOvrWw,https://video-cdn.fuze.us/RUynwtzUrzNT7A0r6SPmMt38uhD3/video-1707406783753-RUynwtzUrzNT7A0r6SPmMt38uhD3.mp4,,Pending
SNmtXgnrTie_32iAN-9GwQ,https://video-cdn.fuze.us/RUynwtzUrzNT7A0r6SPmMt38uhD3/video-1707513499441-RUynwtzUrzNT7A0r6SPmMt38uhD3.mp4,,Pending
JgEdLBziSwupoe50rc5bPg,https://video-cdn.fuze.us/RUynwtzUrzNT7A0r6SPmMt38uhD3/video-1707213798501-RUynwtzUrzNT7A0r6SPmMt38uhD3.mp4,,Pending
E1vFHhV3QeKRkopTdG-alA,https://video-cdn.fuze.us/RUynwtzUrzNT7A0r6SPmMt38uhD3/video-1707319853687-RUynwtzUrzNT7A0r6SPmMt38uhD3.mp4,,Pending
FDEG8K9iSF2m8XnD2rEm4w,https://video-cdn.fuze.us/RUynwtzUrzNT7A0r6SPmMt38uhD3/video-1707227297785-RUynwtzUrzNT7A0r6SPmMt38uhD3.mp4,,Pending
XkhzPr5kTXuG5LTqawZy4A,https://video-cdn.fuze.us/RUynwtzUrzNT7A0r6SPmMt38uhD3/video-1707211974891-RUynwtzUrzNT7A0r6SPmMt38uhD3.mp4,,Pending
bGwxA4KJSEaSjqSTuZvQXw,https://video-cdn.fuze.us/RUynwtzUrzNT7A0r6SPmMt38uhD3/video-1706285057858-RUynwtzUrzNT7A0r6SPmMt38uhD3.mp4,,Pending
bRcaSZInSFC5fQfqmAEJKw,https://video-cdn.fuze.us/RUynwtzUrzNT7A0r6SPmMt38uhD3/video-1706541428079-RUynwtzUrzNT7A0r6SPmMt38uhD3.mp4,,Pending
XmLxQjfbTUuVRsI0_-mwpQ,https://video-cdn.fuze.us/RUynwtzUrzNT7A0r6SPmMt38uhD3/video-1706537130588-RUynwtzUrzNT7A0r6SPmMt38uhD3.mp4,,Pending
XUCN_GPES72Tg8UqyH-dsw,https://video-cdn.fuze.us/RUynwtzUrzNT7A0r6SPmMt38uhD3/video-1706696215838-RUynwtzUrzNT7A0r6SPmMt38uhD3.mp4,,Pending
GL6BG5kRQHynBV6kSYNYWA,https://video-cdn.fuze.us/RUynwtzUrzNT7A0r6SPmMt38uhD3/video-1706700659924-RUynwtzUrzNT7A0r6SPmMt38uhD3.mp4,,Pending
NuieokfSTuCaNjM1f33lJA,https://video-cdn.fuze.us/RUynwtzUrzNT7A0r6SPmMt38uhD3/video-1706288521623-RUynwtzUrzNT7A0r6SPmMt38uhD3.mp4,,Pending
d9WwnEcmSY20VzewCx4NKQ,https://video-cdn.fuze.us/RUynwtzUrzNT7A0r6SPmMt38uhD3/video-1706619034106-RUynwtzUrzNT7A0r6SPmMt38uhD3.mp4,,Pending
cGtwh3q3SNawe56-heLtIw,https://video-cdn.fuze.us/RUynwtzUrzNT7A0r6SPmMt38uhD3/video-1707399454424-RUynwtzUrzNT7A0r6SPmMt38uhD3.mp4,,Pending
W4cjd-ZnRpuYZuIp8i9Lyg,https://video-cdn.fuze.us/RUynwtzUrzNT7A0r6SPmMt38uhD3/video-1706697752670-RUynwtzUrzNT7A0r6SPmMt38uhD3.mp4,,Pending
auzuO9mCRHaiRKX_22InIw,https://video-cdn.fuze.us/RUynwtzUrzNT7A0r6SPmMt38uhD3/video-1707319121953-RUynwtzUrzNT7A0r6SPmMt38uhD3.mp4,,Pending
XUww8ikaRYCpg-B1bUbdjA,https://video-cdn.fuze.us/RUynwtzUrzNT7A0r6SPmMt38uhD3/video-1707220405661-RUynwtzUrzNT7A0r6SPmMt38uhD3.mp4,,Pending
EBf94LiOTd214YXqQ9xwiA,https://video-cdn.fuze.us/RUynwtzUrzNT7A0r6SPmMt38uhD3/video-1707510641489-RUynwtzUrzNT7A0r6SPmMt38uhD3.mp4,,Pending
VEA6iR6FQvK0bWHTGpuqMQ,https://video-cdn.fuze.us/RUynwtzUrzNT7A0r6SPmMt38uhD3/video-1707511635201-RUynwtzUrzNT7A0r6SPmMt38uhD3.mp4,,Pending
dWTOFMb8SoebLLkpbsWiaw,https://video-cdn.fuze.us/RUynwtzUrzNT7A0r6SPmMt38uhD3/video-1707512526502-RUynwtzUrzNT7A0r6SPmMt38uhD3.mp4,,Pending
SoDmsACyTYmRXm-YIDrczg,https://video-cdn.fuze.us/RUynwtzUrzNT7A0r6SPmMt38uhD3/video-1706283875181-RUynwtzUrzNT7A0r6SPmMt38uhD3.mp4,,Pending
JsiwKynEQAmE-BiWVa67Bw,https://video-cdn.fuze.us/RUynwtzUrzNT7A0r6SPmMt38uhD3/video-1706536205074-RUynwtzUrzNT7A0r6SPmMt38uhD3.mp4,,Pending
RIEAzP16THiZN_O4iYqllw,https://video-cdn.fuze.us/RUynwtzUrzNT7A0r6SPmMt38uhD3/video-1706540585527-RUynwtzUrzNT7A0r6SPmMt38uhD3.mp4,,Pending
OVIUHj1sTAiWePS_9OlJEQ,https://video-cdn.fuze.us/RUynwtzUrzNT7A0r6SPmMt38uhD3/video-1706620265074-RUynwtzUrzNT7A0r6SPmMt38uhD3.mp4,,Pending
S3WHwbxIRGmYXtpkgMq7Ag,https://video-cdn.fuze.us/RUynwtzUrzNT7A0r6SPmMt38uhD3/video-1706633765657-RUynwtzUrzNT7A0r6SPmMt38uhD3.mp4,,Pending
FPnayM3QQXqz01lqzuPoTQ,https://video-cdn.fuze.us/RUynwtzUrzNT7A0r6SPmMt38uhD3/video-1706614396650-RUynwtzUrzNT7A0r6SPmMt38uhD3.mp4,,Pending
fW2budlASzO4lgzcVKx1Lw,https://video-cdn.fuze.us/RUynwtzUrzNT7A0r6SPmMt38uhD3/video-1707228985130-RUynwtzUrzNT7A0r6SPmMt38uhD3.mp4,,Pending
Ur0ZeQyAT8S7PqAPPJ-ang,https://video-cdn.fuze.us/gHI55KpGQbWVqTjAfBleRCXHnlm2/video-1707742794588-gHI55KpGQbWVqTjAfBleRCXHnlm2.mp4,,Pending
Y_Hx8ySdTLykLGxLeRVrzw,https://video-cdn.fuze.us/gHI55KpGQbWVqTjAfBleRCXHnlm2/video-1707742438232-gHI55KpGQbWVqTjAfBleRCXHnlm2.mp4,,Pending
Oajv1hGaSh-7yWtSxI00TQ,https://video-cdn.fuze.us/gHI55KpGQbWVqTjAfBleRCXHnlm2/video-1707735066912-gHI55KpGQbWVqTjAfBleRCXHnlm2.mp4,,Pending
eswHppw1RBivhLYxJQ_l8Q,https://video-cdn.fuze.us/gHI55KpGQbWVqTjAfBleRCXHnlm2/video-1707739834300-gHI55KpGQbWVqTjAfBleRCXHnlm2.mp4,,Pending
TXStAxK_TDiTeVtTuoJ3Hg,https://video-cdn.fuze.us/gHI55KpGQbWVqTjAfBleRCXHnlm2/video-1707739159739-gHI55KpGQbWVqTjAfBleRCXHnlm2.mp4,,Pending
UkwFCxquTRGkQAn-tFH6PA,https://video-cdn.fuze.us/gHI55KpGQbWVqTjAfBleRCXHnlm2/video-1707720784427-gHI55KpGQbWVqTjAfBleRCXHnlm2.mp4,,Pending
PtyH4umjTEKog7Aww4qjzQ,https://video-cdn.fuze.us/gHI55KpGQbWVqTjAfBleRCXHnlm2/video-1707718969035-gHI55KpGQbWVqTjAfBleRCXHnlm2.mp4,,Pending
RlbdkL9PTYKspQzJ0E2R6Q,https://video-cdn.fuze.us/gHI55KpGQbWVqTjAfBleRCXHnlm2/video-1707731650596-gHI55KpGQbWVqTjAfBleRCXHnlm2.mp4,,Pending
C9EK9nS1QWO7WNgrf8-x4Q,https://video-cdn.fuze.us/gHI55KpGQbWVqTjAfBleRCXHnlm2/video-1707719276309-gHI55KpGQbWVqTjAfBleRCXHnlm2.mp4,,Pending
dNPTkS4NQYibn7n83v6Oug,https://video-cdn.fuze.us/gHI55KpGQbWVqTjAfBleRCXHnlm2/video-1707732822096-gHI55KpGQbWVqTjAfBleRCXHnlm2.mp4,,Pending
WiZVClq0RsqHp3_T3G38Ww,https://video-cdn.fuze.us/gHI55KpGQbWVqTjAfBleRCXHnlm2/video-1707720356788-gHI55KpGQbWVqTjAfBleRCXHnlm2.mp4,,Pending
PTUsEda8S9yo1IUe1PrKdw,https://video-cdn.fuze.us/gHI55KpGQbWVqTjAfBleRCXHnlm2/video-1707740005708-gHI55KpGQbWVqTjAfBleRCXHnlm2.mp4,,Pending
RxpXiPh5SwqLH1htfK8vgQ,https://video-cdn.fuze.us/gHI55KpGQbWVqTjAfBleRCXHnlm2/video-1707736232784-gHI55KpGQbWVqTjAfBleRCXHnlm2.mp4,,Pending
RWklUeRoSCK-JJFLlNTlYw,https://video-cdn.fuze.us/gHI55KpGQbWVqTjAfBleRCXHnlm2/video-1707721465746-gHI55KpGQbWVqTjAfBleRCXHnlm2.mp4,,Pending
QiP1nuXgT0aSSCJwWpL1Cg,https://video-cdn.fuze.us/gHI55KpGQbWVqTjAfBleRCXHnlm2/video-1707733984644-gHI55KpGQbWVqTjAfBleRCXHnlm2.mp4,,Pending
FVV3SBo-Tyi-cU_2n1HPAg,https://video-cdn.fuze.us/gHI55KpGQbWVqTjAfBleRCXHnlm2/video-1707739329647-gHI55KpGQbWVqTjAfBleRCXHnlm2.mp4,,Pending
YRL26pwISoaKC59pKt0jFg,https://video-cdn.fuze.us/gHI55KpGQbWVqTjAfBleRCXHnlm2/video-1707719107647-gHI55KpGQbWVqTjAfBleRCXHnlm2.mp4,,Pending
YCFwI0ASSe2nix2KRQjDOQ,https://video-cdn.fuze.us/gHI55KpGQbWVqTjAfBleRCXHnlm2/video-1707813663236-gHI55KpGQbWVqTjAfBleRCXHnlm2.mp4,,Pending
WM_7GrpUSXK1QxYRMmHl7Q,https://video-cdn.fuze.us/gHI55KpGQbWVqTjAfBleRCXHnlm2/video-1707813588591-gHI55KpGQbWVqTjAfBleRCXHnlm2.mp4,,Pending
WHijaLW2QRGyXfBkOMnGQg,https://video-cdn.fuze.us/gHI55KpGQbWVqTjAfBleRCXHnlm2/video-1707813488884-gHI55KpGQbWVqTjAfBleRCXHnlm2.mp4,,Pending
BDKwz8TgRZyZ3cKlHk5XQA,https://video-cdn.fuze.us/gHI55KpGQbWVqTjAfBleRCXHnlm2/video-1707813412023-gHI55KpGQbWVqTjAfBleRCXHnlm2.mp4,,Pending
JYCFdtLHRJimi00FZ3mW2Q,https://video-cdn.fuze.us/gHI55KpGQbWVqTjAfBleRCXHnlm2/video-1707813317197-gHI55KpGQbWVqTjAfBleRCXHnlm2.mp4,,Pending
IxeHNitwRhi6ayhGXnDA8g,https://video-cdn.fuze.us/gHI55KpGQbWVqTjAfBleRCXHnlm2/video-1707810621598-gHI55KpGQbWVqTjAfBleRCXHnlm2.mp4,,Pending
D-Ic3dEnQlyyHV6o0aPryA,https://video-cdn.fuze.us/gHI55KpGQbWVqTjAfBleRCXHnlm2/video-1707810701420-gHI55KpGQbWVqTjAfBleRCXHnlm2.mp4,,Pending
b9l337f6RjmK2PaXsBkP2w,https://video-cdn.fuze.us/gHI55KpGQbWVqTjAfBleRCXHnlm2/video-1707810516696-gHI55KpGQbWVqTjAfBleRCXHnlm2.mp4,,Pending
R5e454NbT46rLHXeV5C2zw,https://video-cdn.fuze.us/gHI55KpGQbWVqTjAfBleRCXHnlm2/video-1707810309070-gHI55KpGQbWVqTjAfBleRCXHnlm2.mp4,,Pending
a8_UjbdaQiKjWsEdG7Njjw,https://video-cdn.fuze.us/gHI55KpGQbWVqTjAfBleRCXHnlm2/video-1707810207161-gHI55KpGQbWVqTjAfBleRCXHnlm2.mp4,,Pending
RsNYBxQPSaG2xevDZfZ8QA,https://video-cdn.fuze.us/gHI55KpGQbWVqTjAfBleRCXHnlm2/video-1707810085064-gHI55KpGQbWVqTjAfBleRCXHnlm2.mp4,,Pending
X7HkE7-UScWcuEnpJKEX-w,https://video-cdn.fuze.us/gHI55KpGQbWVqTjAfBleRCXHnlm2/video-1707809431188-gHI55KpGQbWVqTjAfBleRCXHnlm2.mp4,,Pending
WprMuqdRTFe18DiAxVjAzA,https://video-cdn.fuze.us/gHI55KpGQbWVqTjAfBleRCXHnlm2/video-1707808638540-gHI55KpGQbWVqTjAfBleRCXHnlm2.mp4,,Pending
MvnwC2ZGTAmO-wkRXeby1Q,https://video-cdn.fuze.us/gHI55KpGQbWVqTjAfBleRCXHnlm2/video-1707808278981-gHI55KpGQbWVqTjAfBleRCXHnlm2.mp4,,Pending
E516YDPwShiCcBN4pDly3w,https://video-cdn.fuze.us/gHI55KpGQbWVqTjAfBleRCXHnlm2/video-1707808202055-gHI55KpGQbWVqTjAfBleRCXHnlm2.mp4,,Pending
AEd1Em3YSFGXlYj23gmCRw,https://video-cdn.fuze.us/gHI55KpGQbWVqTjAfBleRCXHnlm2/video-1707808114743-gHI55KpGQbWVqTjAfBleRCXHnlm2.mp4,,Pending
J8ySXPzhT4SIuFD__DTPVw,https://video-cdn.fuze.us/gHI55KpGQbWVqTjAfBleRCXHnlm2/video-1707808037630-gHI55KpGQbWVqTjAfBleRCXHnlm2.mp4,,Pending
VJ8qZABbQLq0SVNlSGjWJA,https://video-cdn.fuze.us/gHI55KpGQbWVqTjAfBleRCXHnlm2/video-1707807945864-gHI55KpGQbWVqTjAfBleRCXHnlm2.mp4,,Pending
HkS3gxymSmW539YB3Ebseg,https://video-cdn.fuze.us/gHI55KpGQbWVqTjAfBleRCXHnlm2/video-1707807662568-gHI55KpGQbWVqTjAfBleRCXHnlm2.mp4,,Pending
X0tP4F-USlm7geF1ZAhFhw,https://video-cdn.fuze.us/gHI55KpGQbWVqTjAfBleRCXHnlm2/video-1707807478410-gHI55KpGQbWVqTjAfBleRCXHnlm2.mp4,,Pending
UNn12cTnSLeIMptUUPOxpg,https://video-cdn.fuze.us/gHI55KpGQbWVqTjAfBleRCXHnlm2/video-1707806557213-gHI55KpGQbWVqTjAfBleRCXHnlm2.mp4,,Pending
R_RU0--0QPymfjdPuB5uPg,https://video-cdn.fuze.us/gHI55KpGQbWVqTjAfBleRCXHnlm2/video-1707806481592-gHI55KpGQbWVqTjAfBleRCXHnlm2.mp4,,Pending
NPr3QZCiQbS58AgwpQYSdA,https://video-cdn.fuze.us/gHI55KpGQbWVqTjAfBleRCXHnlm2/video-1707806410039-gHI55KpGQbWVqTjAfBleRCXHnlm2.mp4,,Pending
A1rXRIicTCi5i57R21SLPw,https://video-cdn.fuze.us/gHI55KpGQbWVqTjAfBleRCXHnlm2/video-1707806333809-gHI55KpGQbWVqTjAfBleRCXHnlm2.mp4,,Pending
KVJQzkJNTZKCqhPIinZABA,https://video-cdn.fuze.us/gHI55KpGQbWVqTjAfBleRCXHnlm2/video-1707806154809-gHI55KpGQbWVqTjAfBleRCXHnlm2.mp4,,Pending
J8p91uw0TWu71NDj12Anog,https://video-cdn.fuze.us/gHI55KpGQbWVqTjAfBleRCXHnlm2/video-1707806006761-gHI55KpGQbWVqTjAfBleRCXHnlm2.mp4,,Pending
fgXpbXgrRqKzcgw-A3hDWw,https://video-cdn.fuze.us/gHI55KpGQbWVqTjAfBleRCXHnlm2/video-1707805842736-gHI55KpGQbWVqTjAfBleRCXHnlm2.mp4,,Pending
AG3XorHeTGiPkXt8tipBbg,https://video-cdn.fuze.us/gHI55KpGQbWVqTjAfBleRCXHnlm2/video-1707804971379-gHI55KpGQbWVqTjAfBleRCXHnlm2.mp4,,Pending
cHpfgQseRX2dnxFtezjrvQ,https://video-cdn.fuze.us/gHI55KpGQbWVqTjAfBleRCXHnlm2/video-1707804870393-gHI55KpGQbWVqTjAfBleRCXHnlm2.mp4,,Pending
ZF02gssQTh-jVJP0u27M2g,https://video-cdn.fuze.us/gHI55KpGQbWVqTjAfBleRCXHnlm2/video-1707804781563-gHI55KpGQbWVqTjAfBleRCXHnlm2.mp4,,Pending
P9-3bp_PTUCHHvHey8uVCg,https://video-cdn.fuze.us/gHI55KpGQbWVqTjAfBleRCXHnlm2/video-1707804708226-gHI55KpGQbWVqTjAfBleRCXHnlm2.mp4,,Pending
ePAEz3vGS5KNnGJ4pZpp8A,https://video-cdn.fuze.us/gHI55KpGQbWVqTjAfBleRCXHnlm2/video-1707804631854-gHI55KpGQbWVqTjAfBleRCXHnlm2.mp4,,Pending
IRXZXRizSm-51lWbkqTFlw,https://video-cdn.fuze.us/gHI55KpGQbWVqTjAfBleRCXHnlm2/video-1707804540040-gHI55KpGQbWVqTjAfBleRCXHnlm2.mp4,,Pending
bSTOBFZ3RGa7sc1wPZICEQ,https://video-cdn.fuze.us/gHI55KpGQbWVqTjAfBleRCXHnlm2/video-1707804321648-gHI55KpGQbWVqTjAfBleRCXHnlm2.mp4,,Pending
RqtmG-QOTZa2-i61vKProA,https://video-cdn.fuze.us/gHI55KpGQbWVqTjAfBleRCXHnlm2/video-1707804040801-gHI55KpGQbWVqTjAfBleRCXHnlm2.mp4,,Pending
ID9A5pr9RQ6kLdBJHhaEMg,https://video-cdn.fuze.us/gHI55KpGQbWVqTjAfBleRCXHnlm2/video-1707800447615-gHI55KpGQbWVqTjAfBleRCXHnlm2.mp4,,Pending
X6jxW0ViT7Kr6u2suxklWA,https://video-cdn.fuze.us/gHI55KpGQbWVqTjAfBleRCXHnlm2/video-1707800355280-gHI55KpGQbWVqTjAfBleRCXHnlm2.mp4,,Pending
QtcJTz8AQviIuFKQiW4e5A,https://video-cdn.fuze.us/gHI55KpGQbWVqTjAfBleRCXHnlm2/video-1707800274490-gHI55KpGQbWVqTjAfBleRCXHnlm2.mp4,,Pending
Fdc4LT7ZQxOflbEAiC9MUA,https://video-cdn.fuze.us/gHI55KpGQbWVqTjAfBleRCXHnlm2/video-1707800186974-gHI55KpGQbWVqTjAfBleRCXHnlm2.mp4,,Pending
NCJD0idhRkG8u9Z0bN3w5g,https://video-cdn.fuze.us/gHI55KpGQbWVqTjAfBleRCXHnlm2/video-1707800102073-gHI55KpGQbWVqTjAfBleRCXHnlm2.mp4,,Pending
avNO80BHTgiu9eCBAEcBvQ,https://video-cdn.fuze.us/gHI55KpGQbWVqTjAfBleRCXHnlm2/video-1707800016282-gHI55KpGQbWVqTjAfBleRCXHnlm2.mp4,,Pending
fwdD_-B1Ty2Nvp7N78W1Og,https://video-cdn.fuze.us/gHI55KpGQbWVqTjAfBleRCXHnlm2/video-1707799908951-gHI55KpGQbWVqTjAfBleRCXHnlm2.mp4,,Pending
XUiG9lOnQ2ap370fXwGkvA,https://video-cdn.fuze.us/gHI55KpGQbWVqTjAfBleRCXHnlm2/video-1707799825477-gHI55KpGQbWVqTjAfBleRCXHnlm2.mp4,,Pending
VowFB7jLT3KnLV56jH81OQ,https://video-cdn.fuze.us/gHI55KpGQbWVqTjAfBleRCXHnlm2/video-1707798887147-gHI55KpGQbWVqTjAfBleRCXHnlm2.mp4,,Pending
JkqucLGPT5WxxGn4a4andg,https://video-cdn.fuze.us/gHI55KpGQbWVqTjAfBleRCXHnlm2/video-1707798799857-gHI55KpGQbWVqTjAfBleRCXHnlm2.mp4,,Pending
V93RWYmVRsOX6peMtemTbA,https://video-cdn.fuze.us/gHI55KpGQbWVqTjAfBleRCXHnlm2/video-1707798723875-gHI55KpGQbWVqTjAfBleRCXHnlm2.mp4,,Pending
Ez-vMwuOQ1Wju1VIY2UnEg,https://video-cdn.fuze.us/gHI55KpGQbWVqTjAfBleRCXHnlm2/video-1707798558890-gHI55KpGQbWVqTjAfBleRCXHnlm2.mp4,,Pending
A3--tbZHS26BXHqihVP-Mw,https://video-cdn.fuze.us/gHI55KpGQbWVqTjAfBleRCXHnlm2/video-1707798428769-gHI55KpGQbWVqTjAfBleRCXHnlm2.mp4,,Pending
e80ftkMUTnSrG6GMKY3KRA,https://video-cdn.fuze.us/gHI55KpGQbWVqTjAfBleRCXHnlm2/video-1707717977242-gHI55KpGQbWVqTjAfBleRCXHnlm2.mp4,,Pending
Uqg2vdU9RN6S48ocReYq0w,https://video-cdn.fuze.us/gHI55KpGQbWVqTjAfBleRCXHnlm2/video-1707734685930-gHI55KpGQbWVqTjAfBleRCXHnlm2.mp4,,Pending
XSyyvwU3SXuhHx7S77FYLA,https://video-cdn.fuze.us/gHI55KpGQbWVqTjAfBleRCXHnlm2/video-1707734827359-gHI55KpGQbWVqTjAfBleRCXHnlm2.mp4,,Pending
Wercf84-SmaNZ1QE3Pn_5g,https://video-cdn.fuze.us/gHI55KpGQbWVqTjAfBleRCXHnlm2/video-1707736902677-gHI55KpGQbWVqTjAfBleRCXHnlm2.mp4,,Pending
DNgEpVImSomwtrn6-Ya9_g,https://video-cdn.fuze.us/gHI55KpGQbWVqTjAfBleRCXHnlm2/video-1707741561331-gHI55KpGQbWVqTjAfBleRCXHnlm2.mp4,,Pending
aJru9uUZSNOE5OOALZpvEw,https://video-cdn.fuze.us/gHI55KpGQbWVqTjAfBleRCXHnlm2/video-1707740347773-gHI55KpGQbWVqTjAfBleRCXHnlm2.mp4,,Pending
PuHALTmgTbOcFXC3ndg2Bw,https://video-cdn.fuze.us/gHI55KpGQbWVqTjAfBleRCXHnlm2/video-1707744237591-gHI55KpGQbWVqTjAfBleRCXHnlm2.mp4,,Pending
LgeTFkGTQ-yzYAkB__mNaQ,https://video-cdn.fuze.us/gHI55KpGQbWVqTjAfBleRCXHnlm2/video-1707662446324-gHI55KpGQbWVqTjAfBleRCXHnlm2.mp4,,Pending
TOlJmzN5TCed5NRTr40HXQ,https://video-cdn.fuze.us/gHI55KpGQbWVqTjAfBleRCXHnlm2/video-1707733532863-gHI55KpGQbWVqTjAfBleRCXHnlm2.mp4,,Pending
bWjZEU2ZQi6e7kLAMBnPrA,https://video-cdn.fuze.us/gHI55KpGQbWVqTjAfBleRCXHnlm2/video-1707662302572-gHI55KpGQbWVqTjAfBleRCXHnlm2.mp4,,Pending
eS1jJvYORxi5WzlevU1kYg,https://video-cdn.fuze.us/gHI55KpGQbWVqTjAfBleRCXHnlm2/video-1707734685930-gHI55KpGQbWVqTjAfBleRCXHnlm2.mp4,,Pending
LgKT6pq_SRScAKvTNYfXqQ,https://video-cdn.fuze.us/gHI55KpGQbWVqTjAfBleRCXHnlm2/video-1707721593529-gHI55KpGQbWVqTjAfBleRCXHnlm2.mp4,,Pending
I1obFy1vTUqsAn5GQP1Gnw,https://video-cdn.fuze.us/gHI55KpGQbWVqTjAfBleRCXHnlm2/video-1707740194222-gHI55KpGQbWVqTjAfBleRCXHnlm2.mp4,,Pending
IQ8yBnkpSqOTfiuPCwG70g,https://video-cdn.fuze.us/gHI55KpGQbWVqTjAfBleRCXHnlm2/video-1707739722427-gHI55KpGQbWVqTjAfBleRCXHnlm2.mp4,,Pending
ZI3-dxx0QNqICJEZ_KrulA,https://video-cdn.fuze.us/gHI55KpGQbWVqTjAfBleRCXHnlm2/video-1707731528112-gHI55KpGQbWVqTjAfBleRCXHnlm2.mp4,,Pending
NzLSadFNQ9G7PSaT05SkwQ,https://video-cdn.fuze.us/gHI55KpGQbWVqTjAfBleRCXHnlm2/video-1707641446546-gHI55KpGQbWVqTjAfBleRCXHnlm2.mp4,,Pending
LfCi3_YGQY2q1qQe_hEb8A,https://video-cdn.fuze.us/gHI55KpGQbWVqTjAfBleRCXHnlm2/video-1707640274088-gHI55KpGQbWVqTjAfBleRCXHnlm2.mp4,,Pending
b2C7GhENT2mgUcxAQ-e1xQ,https://video-cdn.fuze.us/gHI55KpGQbWVqTjAfBleRCXHnlm2/video-1707640467231-gHI55KpGQbWVqTjAfBleRCXHnlm2.mp4,,Pending
GCQDzPluTQmThFxQOSboYg,https://video-cdn.fuze.us/gHI55KpGQbWVqTjAfBleRCXHnlm2/video-1707486222279-gHI55KpGQbWVqTjAfBleRCXHnlm2.mp4,,Pending
XtR-jE5yRCCMtt5v6O6WYQ,https://video-cdn.fuze.us/gHI55KpGQbWVqTjAfBleRCXHnlm2/video-1707486057663-gHI55KpGQbWVqTjAfBleRCXHnlm2.mp4,,Pending
dtA401SmT82eLRQeQbpRqA,https://video-cdn.fuze.us/gHI55KpGQbWVqTjAfBleRCXHnlm2/video-1707485784729-gHI55KpGQbWVqTjAfBleRCXHnlm2.mp4,,Pending
SWyJVVC6QXGkSmjUVpA2JQ,https://video-cdn.fuze.us/gHI55KpGQbWVqTjAfBleRCXHnlm2/video-1707485702071-gHI55KpGQbWVqTjAfBleRCXHnlm2.mp4,,Pending
MH2kN1HjRd-bKD4R3ozy-g,https://video-cdn.fuze.us/gHI55KpGQbWVqTjAfBleRCXHnlm2/video-1707641611061-gHI55KpGQbWVqTjAfBleRCXHnlm2.mp4,,Pending
WSshUfPFT7mtxqVGhPIrdg,https://video-cdn.fuze.us/gHI55KpGQbWVqTjAfBleRCXHnlm2/video-1707641611061-gHI55KpGQbWVqTjAfBleRCXHnlm2.mp4,,Pending
cPgZAhMjRNqO9InXeXkBgg,https://video-cdn.fuze.us/gHI55KpGQbWVqTjAfBleRCXHnlm2/video-1707641611061-gHI55KpGQbWVqTjAfBleRCXHnlm2.mp4,,Pending
BULlZ6wnRCaf9IwAJLtdIA,https://video-cdn.fuze.us/gHI55KpGQbWVqTjAfBleRCXHnlm2/video-1707641611061-gHI55KpGQbWVqTjAfBleRCXHnlm2.mp4,,Pending
fLFKbvqeQYWOsYLLlLQB4g,https://video-cdn.fuze.us/gHI55KpGQbWVqTjAfBleRCXHnlm2/video-1707641611061-gHI55KpGQbWVqTjAfBleRCXHnlm2.mp4,,Pending
eRHIvSnySFW5rx0J9-KNKQ,https://video-cdn.fuze.us/gHI55KpGQbWVqTjAfBleRCXHnlm2/video-1707641551163-gHI55KpGQbWVqTjAfBleRCXHnlm2.mp4,,Pending
E6Dxqgh7SDC4WTjdnwrtzw,https://video-cdn.fuze.us/gHI55KpGQbWVqTjAfBleRCXHnlm2/video-1707641551163-gHI55KpGQbWVqTjAfBleRCXHnlm2.mp4,,Pending
ExdnzNGFTxuOIPmsreZ6BA,https://video-cdn.fuze.us/gHI55KpGQbWVqTjAfBleRCXHnlm2/video-1707641504431-gHI55KpGQbWVqTjAfBleRCXHnlm2.mp4,,Pending
dMnkea-XSRWAUPiFe6-llQ,https://video-cdn.fuze.us/gHI55KpGQbWVqTjAfBleRCXHnlm2/video-1707640756571-gHI55KpGQbWVqTjAfBleRCXHnlm2.mp4,,Pending
ADWR3722S1mnoMKVr-9DVA,https://video-cdn.fuze.us/gHI55KpGQbWVqTjAfBleRCXHnlm2/video-1707641394377-gHI55KpGQbWVqTjAfBleRCXHnlm2.mp4,,Pending
NnKo8R41RQqm8S27fl8wCg,https://video-cdn.fuze.us/gHI55KpGQbWVqTjAfBleRCXHnlm2/video-1707640557401-gHI55KpGQbWVqTjAfBleRCXHnlm2.mp4,,Pending
eCMpFdhkS2e4RlS67Y8NNQ,https://video-cdn.fuze.us/gHI55KpGQbWVqTjAfBleRCXHnlm2/video-1707640640588-gHI55KpGQbWVqTjAfBleRCXHnlm2.mp4,,Pending
fMcVXXKDRBy3U_adHTs9HA,https://video-cdn.fuze.us/gHI55KpGQbWVqTjAfBleRCXHnlm2/video-1707640391700-gHI55KpGQbWVqTjAfBleRCXHnlm2.mp4,,Pending
VEKrbL8pTBKwzXvHSgKl0A,https://video-cdn.fuze.us/gHI55KpGQbWVqTjAfBleRCXHnlm2/video-1707641331054-gHI55KpGQbWVqTjAfBleRCXHnlm2.mp4,,Pending
ULNuKXdJTIW7T38D_hJ1og,https://video-cdn.fuze.us/gHI55KpGQbWVqTjAfBleRCXHnlm2/video-1707485596348-gHI55KpGQbWVqTjAfBleRCXHnlm2.mp4,,Pending
EWUpL9j4QMeMv4_gsacPnQ,https://video-cdn.fuze.us/gHI55KpGQbWVqTjAfBleRCXHnlm2/video-1707485977227-gHI55KpGQbWVqTjAfBleRCXHnlm2.mp4,,Pending
SSeFXqkNSyyL3xRqzNGceg,https://video-cdn.fuze.us/gHI55KpGQbWVqTjAfBleRCXHnlm2/video-1707641611061-gHI55KpGQbWVqTjAfBleRCXHnlm2.mp4,,Pending